model_id,component,parameter,mean,median,ci_lower,ci_upper,p_positive,p_negative,parameter_label
Breeding,Count,year_scaled,-0.059626493440666666,-0.059600322,-0.06898439765,-0.050279885850000004,0,1,Year
Breeding,Count,day_of_year_scaled,-0.37249309678666664,-0.37256421,-0.385955508,-0.35908212749999996,0,1,day_of_year_scaled
Breeding,Count,Iday_of_year_scaledE2,0.18396682045333335,0.18389872499999999,0.173467456,0.1947012215,1,0,Iday_of_year_scaledE2
Breeding,Count,effort_hrs_scaled,0.09865061571955555,0.0986413045,0.09341792800000001,0.10386903049999999,1,0,effort_hrs_scaled
Breeding,Count,is_mobile,-0.3706685232622222,-0.37040349,-0.40458635749999994,-0.3373114925,0,1,is_mobile
Breeding,Count,num_observers_scaled,-0.01816137451324489,-0.018032329,-0.028378402,-0.008318963435000009,0.0015555555555555555,0.9984444444444445,num_observers_scaled
Breeding,Count,cci_scaled,0.08681950652522222,0.08675873,0.0733424135,0.100478533,1,0,cci_scaled
Breeding,Count,elevation_30m_median_scaled,0.14429731919222222,0.144185585,0.11677012049999999,0.172460544,1,0,Elevation
Breeding,Count,propwater_scaled,-0.08148169756635,-0.079906863,-0.13756693500000003,-0.030620548450000003,0.002111111111111111,0.9978888888888889,Proportion Water
Breeding,Count,pin_ba_log_scaled,-0.20941478015666667,-0.20927061,-0.23042456549999998,-0.18898865599999998,0,1,Pinyon Pine BA
Breeding,Count,Ipin_ba_log_scaledE2,-0.06759821765866666,-0.067652266,-0.08771500545,-0.04674257405,0,1,Pinyon Pine BA²
Breeding,Count,pipo_ba_log_scaled,0.08111712391755556,0.081056954,0.059660619299999995,0.10238073249999999,1,0,Ponderosa Pine BA
Breeding,Count,Ipipo_ba_log_scaledE2,-0.4311810087,-0.43138440499999997,-0.45621399500000004,-0.4054736665,0,1,Ponderosa Pine BA²
Breeding,Count,is_mobile:effort_distance_km_scaled,0.1425462675081111,0.14247211999999998,0.121000314,0.16442509049999995,1,0,is_mobile:effort_distance_km_scaled
Breeding,Count,prescribed_fire_bin:prescribed_fire_scaled,-0.14492289425366667,-0.14511155,-0.1943350135,-0.09463460130000002,0,1,Prescribed Fire
Breeding,Count,mastication_bin:mastication_scaled,-0.04794786644453592,-0.047946562,-0.10798632700000002,0.011190940649999894,0.09133333333333334,0.9086666666666666,Mastication
Breeding,Count,thinning_bin:thinning_scaled,-0.1515251783564111,-0.150896325,-0.22677219400000004,-0.07815587310000002,1.1111111111111112e-4,0.9998888888888889,Thinning
Breeding,Count,harvest_bin:harvest_scaled,-0.44018526595558743,-0.448044775,-1.45878522,0.6152758759999996,0.23566666666666666,0.7643333333333333,Harvest
Breeding,Count,prescribed_fire_bin:prescribed_fire_scaled:prescribed_fire_yrsince_scaled,-0.027359833344136556,-0.027394807,-0.04277934554999999,-0.011931369800000029,0.0023333333333333335,0.9976666666666667,Prescribed Fire x Time
Breeding,Count,pin_ba_log_scaled:prescribed_fire_bin:prescribed_fire_scaled,-0.16340376316888888,-0.163402,-0.18328400299999997,-0.1436657165,0,1,Prescribed Fire x Pinyon BA
Breeding,Count,pipo_ba_log_scaled:prescribed_fire_bin:prescribed_fire_scaled,0.055652160977,0.055640939,0.03406864845,0.07711280494999999,1,0,Prescribed Fire x Ponderosa BA
Breeding,Count,mastication_bin:mastication_scaled:mastication_yrsince_scaled,-0.017182095495271665,-0.0171504615,-0.028389882650000003,-0.005935049590000003,0.005222222222222222,0.9947777777777778,Mastication x Time
Breeding,Count,pin_ba_log_scaled:mastication_bin:mastication_scaled,-0.013964404724684508,-0.013752259499999999,-0.032613823,0.004299535469999999,0.10411111111111111,0.8958888888888888,Mastication x Pinyon BA
Breeding,Count,pipo_ba_log_scaled:mastication_bin:mastication_scaled,-0.12419658232655556,-0.12382259000000001,-0.1789882435,-0.07086861600000005,0,1,Mastication x Ponderosa BA
Breeding,Count,thinning_bin:thinning_scaled:thinning_yrsince_scaled,0.03082139557858,0.030921235499999998,0.014257933899999999,0.047614844850000004,0.9995555555555555,4.4444444444444447e-4,Thinning x Time
Breeding,Count,pin_ba_log_scaled:thinning_bin:thinning_scaled,0.04788481302428,0.048042407499999995,0.0255898221,0.07005186229999999,0.9998888888888889,1.1111111111111112e-4,Thinning x Pinyon BA
Breeding,Count,pipo_ba_log_scaled:thinning_bin:thinning_scaled,0.11592011396122222,0.1151552,0.07674800435000001,0.15696391699999998,1,0,Thinning x Ponderosa BA
Breeding,Count,harvest_bin:harvest_scaled:harvest_yrsince_scaled,-0.47772580369444445,-0.47481016499999995,-0.6200463395,-0.3406824985000001,0,1,Harvest x Time
Breeding,Count,pin_ba_log_scaled:harvest_bin:harvest_scaled,0.74157717298656,0.776109205,-0.09243531260000001,1.5109503949999996,0.9312222222222222,0.06877777777777777,Harvest x Pinyon BA
Breeding,Count,pipo_ba_log_scaled:harvest_bin:harvest_scaled,-2.3683347671,-2.3453377,-3.0343023199999997,-1.7703436050000003,0,1,Harvest x Ponderosa BA
Breeding,Zero-Inflation,day_of_year_scaled,0.09960886544765556,0.0995257425,0.056691157650000004,0.14295183649999998,1,0,day_of_year_scaled
Breeding,Zero-Inflation,effort_hrs_scaled,-0.20699168984666666,-0.20685042,-0.234801607,-0.1791699415,0,1,effort_hrs_scaled
Breeding,Zero-Inflation,num_observers_scaled,-0.07151694247191556,-0.07185575899999999,-0.1085511405,-0.032820900199999996,0.0014444444444444444,0.9985555555555555,num_observers_scaled
Breeding,Zero-Inflation,is_mobile,0.3282531817868889,0.32799463500000003,0.21430706,0.4432766239999999,1,0,is_mobile
Breeding,Zero-Inflation,cci_scaled,-0.2716393629488889,-0.271448865,-0.3195282055,-0.22428444200000003,0,1,cci_scaled
Breeding,Zero-Inflation,is_mobile:effort_distance_km_scaled,-0.08528442595188637,-0.08518924650000001,-0.161974699,-0.007672395215000005,0.035333333333333335,0.9646666666666667,is_mobile:effort_distance_km_scaled
Non-breeding,Count,year_scaled,-0.11840050797333333,-0.118402645,-0.1242835145,-0.1125405375,0,1,Year
Non-breeding,Count,day_of_year_scaled,0.4099102732088889,0.4099039,0.40101426799999995,0.4188705095,1,0,day_of_year_scaled
Non-breeding,Count,Iday_of_year_scaledE2,0.35542399555,0.35539383,0.34954303899999994,0.36120843499999994,1,0,Iday_of_year_scaledE2
Non-breeding,Count,effort_hrs_scaled,0.0797452095938889,0.0797557575,0.07573631439999999,0.08370668595,1,0,effort_hrs_scaled
Non-breeding,Count,is_mobile,-0.18868058366111112,-0.1885966,-0.2101509385,-0.1673705135,0,1,is_mobile
Non-breeding,Count,num_observers_scaled,0.004178193001888523,0.00418313285,-0.00594358006,0.014317348849999996,0.7548888888888889,0.2451111111111111,num_observers_scaled
Non-breeding,Count,cci_scaled,0.033615821752777775,0.033625967,0.02489989925,0.04244516745,1,0,cci_scaled
Non-breeding,Count,elevation_30m_median_scaled,-0.10129599796811112,-0.101301015,-0.119592902,-0.08314038210000001,0,1,Elevation
Non-breeding,Count,propwater_scaled,0.009697883717017438,0.009835649200000001,-0.0022213334050000004,0.02126968304999999,0.9078888888888889,0.09211111111111112,Proportion Water
Non-breeding,Count,pin_ba_log_scaled,0.0060881705768698535,0.0060945656,-0.007375339800000002,0.019956010449999995,0.7656666666666667,0.23433333333333334,Pinyon Pine BA
Non-breeding,Count,Ipin_ba_log_scaledE2,-0.08609608733955555,-0.086148481,-0.09845390135,-0.0736584331,0,1,Pinyon Pine BA²
Non-breeding,Count,pipo_ba_log_scaled,0.054267886106777775,0.0541945675,0.04057593765,0.06807123005,1,0,Ponderosa Pine BA
Non-breeding,Count,Ipipo_ba_log_scaledE2,-0.21647683196777778,-0.21657897999999998,-0.2323055645,-0.200278639,0,1,Ponderosa Pine BA²
Non-breeding,Count,is_mobile:effort_distance_km_scaled,0.10454083727766667,0.104488165,0.09073148925,0.118612372,1,0,is_mobile:effort_distance_km_scaled
Non-breeding,Count,prescribed_fire_bin:prescribed_fire_scaled,0.012728154797804278,0.01266612,-0.016425056650000002,0.042484820949999995,0.759,0.241,Prescribed Fire
Non-breeding,Count,mastication_bin:mastication_scaled,0.07661452907603533,0.076619509,0.03381194785,0.11881060149999997,0.9983333333333333,0.0016666666666666668,Mastication
Non-breeding,Count,thinning_bin:thinning_scaled,-0.3132656957488889,-0.31282512,-0.359946951,-0.267013738,0,1,Thinning
Non-breeding,Count,harvest_bin:harvest_scaled,0.14054507773661934,0.14229943,-0.03408960285000001,0.30857426149999995,0.9094444444444445,0.09055555555555556,Harvest
Non-breeding,Count,prescribed_fire_bin:prescribed_fire_scaled:prescribed_fire_yrsince_scaled,-0.02272554810953311,-0.0226178345,-0.03578030875,-0.010105315350000001,0.0017777777777777779,0.9982222222222222,Prescribed Fire x Time
Non-breeding,Count,pin_ba_log_scaled:prescribed_fire_bin:prescribed_fire_scaled,0.11752196506555555,0.11740856,0.104343592,0.13121738,1,0,Prescribed Fire x Pinyon BA
Non-breeding,Count,pipo_ba_log_scaled:prescribed_fire_bin:prescribed_fire_scaled,0.01734884510942701,0.017240012,1.8298512899999876e-4,0.0347114544,0.9518888888888889,0.04811111111111111,Prescribed Fire x Ponderosa BA
Non-breeding,Count,mastication_bin:mastication_scaled:mastication_yrsince_scaled,-0.016798910779206446,-0.0168420115,-0.028161361200000002,-0.005607290250000004,0.007555555555555556,0.9924444444444445,Mastication x Time
Non-breeding,Count,pin_ba_log_scaled:mastication_bin:mastication_scaled,-0.09295958763533334,-0.092969314,-0.1078574955,-0.07814591864999999,0,1,Mastication x Pinyon BA
Non-breeding,Count,pipo_ba_log_scaled:mastication_bin:mastication_scaled,-0.07842241533322222,-0.0781454415,-0.1092166875,-0.04866405230000002,0,1,Mastication x Ponderosa BA
Non-breeding,Count,thinning_bin:thinning_scaled:thinning_yrsince_scaled,0.007172716644110116,0.0071693747999999995,-0.003175013655000001,0.01748508015,0.8736666666666667,0.12633333333333333,Thinning x Time
Non-breeding,Count,pin_ba_log_scaled:thinning_bin:thinning_scaled,0.029000118733691557,0.028937589,0.007924002535,0.049860042249999945,0.9881111111111112,0.011888888888888888,Thinning x Pinyon BA
Non-breeding,Count,pipo_ba_log_scaled:thinning_bin:thinning_scaled,0.15576447527222223,0.15568973,0.12516283050000002,0.187115863,1,0,Thinning x Ponderosa BA
Non-breeding,Count,harvest_bin:harvest_scaled:harvest_yrsince_scaled,0.004101914124798089,0.00399579415,-0.0116360847,0.02027931589999999,0.6523333333333333,0.3476666666666667,Harvest x Time
Non-breeding,Count,pin_ba_log_scaled:harvest_bin:harvest_scaled,-0.43600517224222224,-0.43297772999999995,-0.576548464,-0.3016113325000003,0,1,Harvest x Pinyon BA
Non-breeding,Count,pipo_ba_log_scaled:harvest_bin:harvest_scaled,-0.5155819608366666,-0.5133433949999999,-0.6817578759999999,-0.35543460450000003,0,1,Harvest x Ponderosa BA
Non-breeding,Zero-Inflation,day_of_year_scaled,-0.09935210457355556,-0.099395716,-0.1394904735,-0.05971394870000002,0,1,day_of_year_scaled
Non-breeding,Zero-Inflation,effort_hrs_scaled,-0.22918337735444444,-0.22928951,-0.253884324,-0.2041344045,0,1,effort_hrs_scaled
Non-breeding,Zero-Inflation,num_observers_scaled,0.12358560468388889,0.12301409499999999,0.0730495852,0.17691300999999998,1,0,num_observers_scaled
Non-breeding,Zero-Inflation,is_mobile,0.3239872410737778,0.32349505,0.22592506849999996,0.424722023,1,0,is_mobile
Non-breeding,Zero-Inflation,cci_scaled,-0.21724581332666668,-0.21714662,-0.2557513905,-0.178449014,0,1,cci_scaled
Non-breeding,Zero-Inflation,is_mobile:effort_distance_km_scaled,-0.04173078743260108,-0.0416039545,-0.11046107900000002,0.02590248439999998,0.15411111111111112,0.8458888888888889,is_mobile:effort_distance_km_scaled
